Year,Education_level,Age_group,Gender,Avg_hourly_wage_rate
2000,0 - 8 years,15-24 years,Male,11.72
2000,0 - 8 years,15-24 years,Female,12.07
2000,0 - 8 years,25-54 years,Male,12.03
2000,0 - 8 years,25-54 years,Female,11.28
2000,0 - 8 years,55 years and over,Male,11.52
2000,0 - 8 years,55 years and over,Female,11.61
2000,High school graduate,15-24 years,Male,13.9
2000,High school graduate,15-24 years,Female,13.98
2000,High school graduate,25-54 years,Male,12.71
2000,High school graduate,25-54 years,Female,12.43
2000,High school graduate,55 years and over,Male,12.73
2000,High school graduate,55 years and over,Female,13.3
2000,Post-secondary certificate or diploma,15-24 years,Male,14.01
2000,Post-secondary certificate or diploma,15-24 years,Female,14.04
2000,Post-secondary certificate or diploma,25-54 years,Male,13.74
2000,Post-secondary certificate or diploma,25-54 years,Female,14.6
2000,Post-secondary certificate or diploma,55 years and over,Male,13.67
2000,Post-secondary certificate or diploma,55 years and over,Female,14.44
2000,Trade certificate or diploma,15-24 years,Male,15.32
2000,Trade certificate or diploma,15-24 years,Female,14.85
2000,Trade certificate or diploma,25-54 years,Male,15.47
2000,Trade certificate or diploma,25-54 years,Female,15.58
2000,Trade certificate or diploma,55 years and over,Male,14.68
2000,Trade certificate or diploma,55 years and over,Female,14.05
2000,"Community college, CEGEP",15-24 years,Male,16.39
2000,"Community college, CEGEP",15-24 years,Female,16.67
2000,"Community college, CEGEP",25-54 years,Male,17.25
2000,"Community college, CEGEP",25-54 years,Female,16.5
2000,"Community college, CEGEP",55 years and over,Male,16.22
2000,"Community college, CEGEP",55 years and over,Female,17.96
2000,University certificate below bachelors degree,15-24 years,Male,18.34
2000,University certificate below bachelors degree,15-24 years,Female,18.16
2000,University certificate below bachelors degree,25-54 years,Male,18.4
2000,University certificate below bachelors degree,25-54 years,Female,19.43
2000,University certificate below bachelors degree,55 years and over,Male,19.01
2000,University certificate below bachelors degree,55 years and over,Female,18.57
2000,University degree,15-24 years,Male,21.53
2000,University degree,15-24 years,Female,22.55
2000,University degree,25-54 years,Male,21.59
2000,University degree,25-54 years,Female,21.43
2000,University degree,55 years and over,Male,23.58
2000,University degree,55 years and over,Female,22.22
2000,Bachelor's degree,15-24 years,Male,26.99
2000,Bachelor's degree,15-24 years,Female,25.04
2000,Bachelor's degree,25-54 years,Male,25.19
2000,Bachelor's degree,25-54 years,Female,24.25
2000,Bachelor's degree,55 years and over,Male,24.25
2000,Bachelor's degree,55 years and over,Female,25.32
2000,Above bachelor's degree,15-24 years,Male,31.04
2000,Above bachelor's degree,15-24 years,Female,28.54
2000,Above bachelor's degree,25-54 years,Male,30.58
2000,Above bachelor's degree,25-54 years,Female,29.67
2000,Above bachelor's degree,55 years and over,Male,29.27
2000,Above bachelor's degree,55 years and over,Female,29.1
2001,0 - 8 years,15-24 years,Male,11.24
2001,0 - 8 years,15-24 years,Female,12.16
2001,0 - 8 years,25-54 years,Male,12.66
2001,0 - 8 years,25-54 years,Female,11.57
2001,0 - 8 years,55 years and over,Male,11.22
2001,0 - 8 years,55 years and over,Female,11.6
2001,High school graduate,15-24 years,Male,12.12
2001,High school graduate,15-24 years,Female,13.57
2001,High school graduate,25-54 years,Male,13.46
2001,High school graduate,25-54 years,Female,13.59
2001,High school graduate,55 years and over,Male,12.15
2001,High school graduate,55 years and over,Female,12.4
2001,Post-secondary certificate or diploma,15-24 years,Male,13.42
2001,Post-secondary certificate or diploma,15-24 years,Female,14.9
2001,Post-secondary certificate or diploma,25-54 years,Male,14.48
2001,Post-secondary certificate or diploma,25-54 years,Female,13.6
2001,Post-secondary certificate or diploma,55 years and over,Male,13.54
2001,Post-secondary certificate or diploma,55 years and over,Female,13.11
2001,Trade certificate or diploma,15-24 years,Male,14.44
2001,Trade certificate or diploma,15-24 years,Female,15.91
2001,Trade certificate or diploma,25-54 years,Male,14.86
2001,Trade certificate or diploma,25-54 years,Female,14.24
2001,Trade certificate or diploma,55 years and over,Male,14.51
2001,Trade certificate or diploma,55 years and over,Female,14.87
2001,"Community college, CEGEP",15-24 years,Male,17.78
2001,"Community college, CEGEP",15-24 years,Female,17.03
2001,"Community college, CEGEP",25-54 years,Male,17.75
2001,"Community college, CEGEP",25-54 years,Female,17.29
2001,"Community college, CEGEP",55 years and over,Male,17.98
2001,"Community college, CEGEP",55 years and over,Female,17.83
2001,University certificate below bachelors degree,15-24 years,Male,18.73
2001,University certificate below bachelors degree,15-24 years,Female,18.47
2001,University certificate below bachelors degree,25-54 years,Male,19.6
2001,University certificate below bachelors degree,25-54 years,Female,19.98
2001,University certificate below bachelors degree,55 years and over,Male,19.26
2001,University certificate below bachelors degree,55 years and over,Female,18.19
2001,University degree,15-24 years,Male,22.77
2001,University degree,15-24 years,Female,23.94
2001,University degree,25-54 years,Male,22.53
2001,University degree,25-54 years,Female,21.5
2001,University degree,55 years and over,Male,23
2001,University degree,55 years and over,Female,22.19
2001,Bachelor's degree,15-24 years,Male,26.31
2001,Bachelor's degree,15-24 years,Female,25.46
2001,Bachelor's degree,25-54 years,Male,25.72
2001,Bachelor's degree,25-54 years,Female,24.95
2001,Bachelor's degree,55 years and over,Male,24.94
2001,Bachelor's degree,55 years and over,Female,26.45
2001,Above bachelor's degree,15-24 years,Male,30.49
2001,Above bachelor's degree,15-24 years,Female,31.53
2001,Above bachelor's degree,25-54 years,Male,30.81
2001,Above bachelor's degree,25-54 years,Female,31.73
2001,Above bachelor's degree,55 years and over,Male,29.32
2001,Above bachelor's degree,55 years and over,Female,31.01
2002,0 - 8 years,15-24 years,Male,11.97
2002,0 - 8 years,15-24 years,Female,12.36
2002,0 - 8 years,25-54 years,Male,11.31
2002,0 - 8 years,25-54 years,Female,11.6
2002,0 - 8 years,55 years and over,Male,12.05
2002,0 - 8 years,55 years and over,Female,12.53
2002,High school graduate,15-24 years,Male,12.5
2002,High school graduate,15-24 years,Female,13.33
2002,High school graduate,25-54 years,Male,13.6
2002,High school graduate,25-54 years,Female,12.41
2002,High school graduate,55 years and over,Male,13.57
2002,High school graduate,55 years and over,Female,12.69
2002,Post-secondary certificate or diploma,15-24 years,Male,13.16
2002,Post-secondary certificate or diploma,15-24 years,Female,13.18
2002,Post-secondary certificate or diploma,25-54 years,Male,13.01
2002,Post-secondary certificate or diploma,25-54 years,Female,14.2
2002,Post-secondary certificate or diploma,55 years and over,Male,13.58
2002,Post-secondary certificate or diploma,55 years and over,Female,13.87
2002,Trade certificate or diploma,15-24 years,Male,15.79
2002,Trade certificate or diploma,15-24 years,Female,14.59
2002,Trade certificate or diploma,25-54 years,Male,14.79
2002,Trade certificate or diploma,25-54 years,Female,14.67
2002,Trade certificate or diploma,55 years and over,Male,15.14
2002,Trade certificate or diploma,55 years and over,Female,15.6
2002,"Community college, CEGEP",15-24 years,Male,16.55
2002,"Community college, CEGEP",15-24 years,Female,17.49
2002,"Community college, CEGEP",25-54 years,Male,16.53
2002,"Community college, CEGEP",25-54 years,Female,17.93
2002,"Community college, CEGEP",55 years and over,Male,17.17
2002,"Community college, CEGEP",55 years and over,Female,17.71
2002,University certificate below bachelors degree,15-24 years,Male,18.72
2002,University certificate below bachelors degree,15-24 years,Female,19.2
2002,University certificate below bachelors degree,25-54 years,Male,18.92
2002,University certificate below bachelors degree,25-54 years,Female,19.36
2002,University certificate below bachelors degree,55 years and over,Male,18.87
2002,University certificate below bachelors degree,55 years and over,Female,18.76
2002,University degree,15-24 years,Male,22.17
2002,University degree,15-24 years,Female,22.47
2002,University degree,25-54 years,Male,21.7
2002,University degree,25-54 years,Female,22.54
2002,University degree,55 years and over,Male,22.23
2002,University degree,55 years and over,Female,22.47
2002,Bachelor's degree,15-24 years,Male,24.67
2002,Bachelor's degree,15-24 years,Female,24.1
2002,Bachelor's degree,25-54 years,Male,26.45
2002,Bachelor's degree,25-54 years,Female,26.35
2002,Bachelor's degree,55 years and over,Male,26.36
2002,Bachelor's degree,55 years and over,Female,24.38
2002,Above bachelor's degree,15-24 years,Male,28.78
2002,Above bachelor's degree,15-24 years,Female,30.18
2002,Above bachelor's degree,25-54 years,Male,28.21
2002,Above bachelor's degree,25-54 years,Female,31.79
2002,Above bachelor's degree,55 years and over,Male,29.86
2002,Above bachelor's degree,55 years and over,Female,28.61
2003,0 - 8 years,15-24 years,Male,11.63
2003,0 - 8 years,15-24 years,Female,12.9
2003,0 - 8 years,25-54 years,Male,12.33
2003,0 - 8 years,25-54 years,Female,11.68
2003,0 - 8 years,55 years and over,Male,12.52
2003,0 - 8 years,55 years and over,Female,11.06
2003,High school graduate,15-24 years,Male,13.16
2003,High school graduate,15-24 years,Female,12.84
2003,High school graduate,25-54 years,Male,12.58
2003,High school graduate,25-54 years,Female,12.78
2003,High school graduate,55 years and over,Male,12.58
2003,High school graduate,55 years and over,Female,13.33
2003,Post-secondary certificate or diploma,15-24 years,Male,14.46
2003,Post-secondary certificate or diploma,15-24 years,Female,14.61
2003,Post-secondary certificate or diploma,25-54 years,Male,14.14
2003,Post-secondary certificate or diploma,25-54 years,Female,13.03
2003,Post-secondary certificate or diploma,55 years and over,Male,14.24
2003,Post-secondary certificate or diploma,55 years and over,Female,13.06
2003,Trade certificate or diploma,15-24 years,Male,15.18
2003,Trade certificate or diploma,15-24 years,Female,15.08
2003,Trade certificate or diploma,25-54 years,Male,14.54
2003,Trade certificate or diploma,25-54 years,Female,15.19
2003,Trade certificate or diploma,55 years and over,Male,14.49
2003,Trade certificate or diploma,55 years and over,Female,15.49
2003,"Community college, CEGEP",15-24 years,Male,16.26
2003,"Community college, CEGEP",15-24 years,Female,16.88
2003,"Community college, CEGEP",25-54 years,Male,17.9
2003,"Community college, CEGEP",25-54 years,Female,17.84
2003,"Community college, CEGEP",55 years and over,Male,17.99
2003,"Community college, CEGEP",55 years and over,Female,16.12
2003,University certificate below bachelors degree,15-24 years,Male,18.54
2003,University certificate below bachelors degree,15-24 years,Female,18.1
2003,University certificate below bachelors degree,25-54 years,Male,18.13
2003,University certificate below bachelors degree,25-54 years,Female,19.87
2003,University certificate below bachelors degree,55 years and over,Male,19.92
2003,University certificate below bachelors degree,55 years and over,Female,18.51
2003,University degree,15-24 years,Male,23.02
2003,University degree,15-24 years,Female,21.71
2003,University degree,25-54 years,Male,22.93
2003,University degree,25-54 years,Female,22.33
2003,University degree,55 years and over,Male,23.77
2003,University degree,55 years and over,Female,23.45
2003,Bachelor's degree,15-24 years,Male,26.38
2003,Bachelor's degree,15-24 years,Female,26.77
2003,Bachelor's degree,25-54 years,Male,25.12
2003,Bachelor's degree,25-54 years,Female,25.6
2003,Bachelor's degree,55 years and over,Male,24.01
2003,Bachelor's degree,55 years and over,Female,26.21
2003,Above bachelor's degree,15-24 years,Male,30.83
2003,Above bachelor's degree,15-24 years,Female,31.25
2003,Above bachelor's degree,25-54 years,Male,31.34
2003,Above bachelor's degree,25-54 years,Female,29.47
2003,Above bachelor's degree,55 years and over,Male,29.61
2003,Above bachelor's degree,55 years and over,Female,29.67
2004,0 - 8 years,15-24 years,Male,11.07
2004,0 - 8 years,15-24 years,Female,11.59
2004,0 - 8 years,25-54 years,Male,12.33
2004,0 - 8 years,25-54 years,Female,11.13
2004,0 - 8 years,55 years and over,Male,11.36
2004,0 - 8 years,55 years and over,Female,12.89
2004,High school graduate,15-24 years,Male,13.05
2004,High school graduate,15-24 years,Female,12.41
2004,High school graduate,25-54 years,Male,13.33
2004,High school graduate,25-54 years,Female,13.65
2004,High school graduate,55 years and over,Male,13.72
2004,High school graduate,55 years and over,Female,13.42
2004,Post-secondary certificate or diploma,15-24 years,Male,14.38
2004,Post-secondary certificate or diploma,15-24 years,Female,13.41
2004,Post-secondary certificate or diploma,25-54 years,Male,13.02
2004,Post-secondary certificate or diploma,25-54 years,Female,14.78
2004,Post-secondary certificate or diploma,55 years and over,Male,13.07
2004,Post-secondary certificate or diploma,55 years and over,Female,14.54
2004,Trade certificate or diploma,15-24 years,Male,14.27
2004,Trade certificate or diploma,15-24 years,Female,15.38
2004,Trade certificate or diploma,25-54 years,Male,14.14
2004,Trade certificate or diploma,25-54 years,Female,14.53
2004,Trade certificate or diploma,55 years and over,Male,14.74
2004,Trade certificate or diploma,55 years and over,Female,15.65
2004,"Community college, CEGEP",15-24 years,Male,17.53
2004,"Community college, CEGEP",15-24 years,Female,16.09
2004,"Community college, CEGEP",25-54 years,Male,17.61
2004,"Community college, CEGEP",25-54 years,Female,17.84
2004,"Community college, CEGEP",55 years and over,Male,16.69
2004,"Community college, CEGEP",55 years and over,Female,16.5
2004,University certificate below bachelors degree,15-24 years,Male,19.43
2004,University certificate below bachelors degree,15-24 years,Female,19.16
2004,University certificate below bachelors degree,25-54 years,Male,18.54
2004,University certificate below bachelors degree,25-54 years,Female,18.31
2004,University certificate below bachelors degree,55 years and over,Male,19.26
2004,University certificate below bachelors degree,55 years and over,Female,19.56
2004,University degree,15-24 years,Male,23.23
2004,University degree,15-24 years,Female,21.18
2004,University degree,25-54 years,Male,23.21
2004,University degree,25-54 years,Female,22.09
2004,University degree,55 years and over,Male,23.69
2004,University degree,55 years and over,Female,22.87
2004,Bachelor's degree,15-24 years,Male,26.73
2004,Bachelor's degree,15-24 years,Female,25.45
2004,Bachelor's degree,25-54 years,Male,26.2
2004,Bachelor's degree,25-54 years,Female,26.57
2004,Bachelor's degree,55 years and over,Male,24.49
2004,Bachelor's degree,55 years and over,Female,25.91
2004,Above bachelor's degree,15-24 years,Male,29.47
2004,Above bachelor's degree,15-24 years,Female,29.54
2004,Above bachelor's degree,25-54 years,Male,31.33
2004,Above bachelor's degree,25-54 years,Female,31.51
2004,Above bachelor's degree,55 years and over,Male,31.25
2004,Above bachelor's degree,55 years and over,Female,29.35
2005,0 - 8 years,15-24 years,Male,11.81
2005,0 - 8 years,15-24 years,Female,12.17
2005,0 - 8 years,25-54 years,Male,11.34
2005,0 - 8 years,25-54 years,Female,12.61
2005,0 - 8 years,55 years and over,Male,11.66
2005,0 - 8 years,55 years and over,Female,11.38
2005,High school graduate,15-24 years,Male,12.82
2005,High school graduate,15-24 years,Female,12.99
2005,High school graduate,25-54 years,Male,13.69
2005,High school graduate,25-54 years,Female,13.59
2005,High school graduate,55 years and over,Male,13.76
2005,High school graduate,55 years and over,Female,12.57
2005,Post-secondary certificate or diploma,15-24 years,Male,14.26
2005,Post-secondary certificate or diploma,15-24 years,Female,14.31
2005,Post-secondary certificate or diploma,25-54 years,Male,14.27
2005,Post-secondary certificate or diploma,25-54 years,Female,14.78
2005,Post-secondary certificate or diploma,55 years and over,Male,13.93
2005,Post-secondary certificate or diploma,55 years and over,Female,13.65
2005,Trade certificate or diploma,15-24 years,Male,14.14
2005,Trade certificate or diploma,15-24 years,Female,15.27
2005,Trade certificate or diploma,25-54 years,Male,15.51
2005,Trade certificate or diploma,25-54 years,Female,15.77
2005,Trade certificate or diploma,55 years and over,Male,14.63
2005,Trade certificate or diploma,55 years and over,Female,15.13
2005,"Community college, CEGEP",15-24 years,Male,17.38
2005,"Community college, CEGEP",15-24 years,Female,16.55
2005,"Community college, CEGEP",25-54 years,Male,16.66
2005,"Community college, CEGEP",25-54 years,Female,16.88
2005,"Community college, CEGEP",55 years and over,Male,16.17
2005,"Community college, CEGEP",55 years and over,Female,16.02
2005,University certificate below bachelors degree,15-24 years,Male,18.4
2005,University certificate below bachelors degree,15-24 years,Female,18.66
2005,University certificate below bachelors degree,25-54 years,Male,18.13
2005,University certificate below bachelors degree,25-54 years,Female,18.68
2005,University certificate below bachelors degree,55 years and over,Male,18.76
2005,University certificate below bachelors degree,55 years and over,Female,19.79
2005,University degree,15-24 years,Male,23.19
2005,University degree,15-24 years,Female,21.67
2005,University degree,25-54 years,Male,22.84
2005,University degree,25-54 years,Female,23.32
2005,University degree,55 years and over,Male,23.79
2005,University degree,55 years and over,Female,22.32
2005,Bachelor's degree,15-24 years,Male,26.15
2005,Bachelor's degree,15-24 years,Female,26.88
2005,Bachelor's degree,25-54 years,Male,26.81
2005,Bachelor's degree,25-54 years,Female,25.98
2005,Bachelor's degree,55 years and over,Male,25.24
2005,Bachelor's degree,55 years and over,Female,26.39
2005,Above bachelor's degree,15-24 years,Male,31.16
2005,Above bachelor's degree,15-24 years,Female,31.51
2005,Above bachelor's degree,25-54 years,Male,30.97
2005,Above bachelor's degree,25-54 years,Female,29.32
2005,Above bachelor's degree,55 years and over,Male,28.55
2005,Above bachelor's degree,55 years and over,Female,31.06
2006,0 - 8 years,15-24 years,Male,11.26
2006,0 - 8 years,15-24 years,Female,11.21
2006,0 - 8 years,25-54 years,Male,12.76
2006,0 - 8 years,25-54 years,Female,12.19
2006,0 - 8 years,55 years and over,Male,12.13
2006,0 - 8 years,55 years and over,Female,11.58
2006,High school graduate,15-24 years,Male,12.79
2006,High school graduate,15-24 years,Female,13.04
2006,High school graduate,25-54 years,Male,12.78
2006,High school graduate,25-54 years,Female,13.99
2006,High school graduate,55 years and over,Male,13.2
2006,High school graduate,55 years and over,Female,13.46
2006,Post-secondary certificate or diploma,15-24 years,Male,14.72
2006,Post-secondary certificate or diploma,15-24 years,Female,14.31
2006,Post-secondary certificate or diploma,25-54 years,Male,14.19
2006,Post-secondary certificate or diploma,25-54 years,Female,13.98
2006,Post-secondary certificate or diploma,55 years and over,Male,13.19
2006,Post-secondary certificate or diploma,55 years and over,Female,14.74
2006,Trade certificate or diploma,15-24 years,Male,15.11
2006,Trade certificate or diploma,15-24 years,Female,14.17
2006,Trade certificate or diploma,25-54 years,Male,14.2
2006,Trade certificate or diploma,25-54 years,Female,14.47
2006,Trade certificate or diploma,55 years and over,Male,14.98
2006,Trade certificate or diploma,55 years and over,Female,14.55
2006,"Community college, CEGEP",15-24 years,Male,17.17
2006,"Community college, CEGEP",15-24 years,Female,17.76
2006,"Community college, CEGEP",25-54 years,Male,16.26
2006,"Community college, CEGEP",25-54 years,Female,17.84
2006,"Community college, CEGEP",55 years and over,Male,16.46
2006,"Community college, CEGEP",55 years and over,Female,16.24
2006,University certificate below bachelors degree,15-24 years,Male,19.03
2006,University certificate below bachelors degree,15-24 years,Female,19.7
2006,University certificate below bachelors degree,25-54 years,Male,19.66
2006,University certificate below bachelors degree,25-54 years,Female,18.81
2006,University certificate below bachelors degree,55 years and over,Male,19.45
2006,University certificate below bachelors degree,55 years and over,Female,18.51
2006,University degree,15-24 years,Male,21.42
2006,University degree,15-24 years,Female,23.16
2006,University degree,25-54 years,Male,22.46
2006,University degree,25-54 years,Female,23.18
2006,University degree,55 years and over,Male,22.16
2006,University degree,55 years and over,Female,22.46
2006,Bachelor's degree,15-24 years,Male,25.06
2006,Bachelor's degree,15-24 years,Female,24.22
2006,Bachelor's degree,25-54 years,Male,24.63
2006,Bachelor's degree,25-54 years,Female,25.85
2006,Bachelor's degree,55 years and over,Male,26.71
2006,Bachelor's degree,55 years and over,Female,25.69
2006,Above bachelor's degree,15-24 years,Male,29.72
2006,Above bachelor's degree,15-24 years,Female,30.2
2006,Above bachelor's degree,25-54 years,Male,28.96
2006,Above bachelor's degree,25-54 years,Female,28.26
2006,Above bachelor's degree,55 years and over,Male,31.56
2006,Above bachelor's degree,55 years and over,Female,31.49
2007,0 - 8 years,15-24 years,Male,11.49
2007,0 - 8 years,15-24 years,Female,12.99
2007,0 - 8 years,25-54 years,Male,12.73
2007,0 - 8 years,25-54 years,Female,11.9
2007,0 - 8 years,55 years and over,Male,11.92
2007,0 - 8 years,55 years and over,Female,11.2
2007,High school graduate,15-24 years,Male,12.5
2007,High school graduate,15-24 years,Female,12.28
2007,High school graduate,25-54 years,Male,12.5
2007,High school graduate,25-54 years,Female,13.33
2007,High school graduate,55 years and over,Male,12.28
2007,High school graduate,55 years and over,Female,13.15
2007,Post-secondary certificate or diploma,15-24 years,Male,13.56
2007,Post-secondary certificate or diploma,15-24 years,Female,13.09
2007,Post-secondary certificate or diploma,25-54 years,Male,14.07
2007,Post-secondary certificate or diploma,25-54 years,Female,13.32
2007,Post-secondary certificate or diploma,55 years and over,Male,14.01
2007,Post-secondary certificate or diploma,55 years and over,Female,13.84
2007,Trade certificate or diploma,15-24 years,Male,14.89
2007,Trade certificate or diploma,15-24 years,Female,14.58
2007,Trade certificate or diploma,25-54 years,Male,14.77
2007,Trade certificate or diploma,25-54 years,Female,14.12
2007,Trade certificate or diploma,55 years and over,Male,14.33
2007,Trade certificate or diploma,55 years and over,Female,15.5
2007,"Community college, CEGEP",15-24 years,Male,17.26
2007,"Community college, CEGEP",15-24 years,Female,16.26
2007,"Community college, CEGEP",25-54 years,Male,17.59
2007,"Community college, CEGEP",25-54 years,Female,17.73
2007,"Community college, CEGEP",55 years and over,Male,16.94
2007,"Community college, CEGEP",55 years and over,Female,17.87
2007,University certificate below bachelors degree,15-24 years,Male,18.5
2007,University certificate below bachelors degree,15-24 years,Female,18.33
2007,University certificate below bachelors degree,25-54 years,Male,18.82
2007,University certificate below bachelors degree,25-54 years,Female,19.84
2007,University certificate below bachelors degree,55 years and over,Male,18.26
2007,University certificate below bachelors degree,55 years and over,Female,18.84
2007,University degree,15-24 years,Male,22.37
2007,University degree,15-24 years,Female,23.87
2007,University degree,25-54 years,Male,21.68
2007,University degree,25-54 years,Female,22.05
2007,University degree,55 years and over,Male,21.14
2007,University degree,55 years and over,Female,23.03
2007,Bachelor's degree,15-24 years,Male,26.7
2007,Bachelor's degree,15-24 years,Female,25.5
2007,Bachelor's degree,25-54 years,Male,24.19
2007,Bachelor's degree,25-54 years,Female,24.78
2007,Bachelor's degree,55 years and over,Male,24.94
2007,Bachelor's degree,55 years and over,Female,25.14
2007,Above bachelor's degree,15-24 years,Male,31.46
2007,Above bachelor's degree,15-24 years,Female,29.1
2007,Above bachelor's degree,25-54 years,Male,28.18
2007,Above bachelor's degree,25-54 years,Female,31.58
2007,Above bachelor's degree,55 years and over,Male,30.16
2007,Above bachelor's degree,55 years and over,Female,30.68
2008,0 - 8 years,15-24 years,Male,11.32
2008,0 - 8 years,15-24 years,Female,12.79
2008,0 - 8 years,25-54 years,Male,11.07
2008,0 - 8 years,25-54 years,Female,12.05
2008,0 - 8 years,55 years and over,Male,12.54
2008,0 - 8 years,55 years and over,Female,12.99
2008,High school graduate,15-24 years,Male,13.26
2008,High school graduate,15-24 years,Female,12.3
2008,High school graduate,25-54 years,Male,12.62
2008,High school graduate,25-54 years,Female,12.67
2008,High school graduate,55 years and over,Male,13.81
2008,High school graduate,55 years and over,Female,14
2008,Post-secondary certificate or diploma,15-24 years,Male,13.05
2008,Post-secondary certificate or diploma,15-24 years,Female,13.78
2008,Post-secondary certificate or diploma,25-54 years,Male,13.66
2008,Post-secondary certificate or diploma,25-54 years,Female,14.27
2008,Post-secondary certificate or diploma,55 years and over,Male,14.96
2008,Post-secondary certificate or diploma,55 years and over,Female,13.34
2008,Trade certificate or diploma,15-24 years,Male,15.35
2008,Trade certificate or diploma,15-24 years,Female,15.71
2008,Trade certificate or diploma,25-54 years,Male,14.97
2008,Trade certificate or diploma,25-54 years,Female,15.87
2008,Trade certificate or diploma,55 years and over,Male,15.79
2008,Trade certificate or diploma,55 years and over,Female,15.8
2008,"Community college, CEGEP",15-24 years,Male,17.46
2008,"Community college, CEGEP",15-24 years,Female,17.31
2008,"Community college, CEGEP",25-54 years,Male,17.26
2008,"Community college, CEGEP",25-54 years,Female,16.16
2008,"Community college, CEGEP",55 years and over,Male,17.37
2008,"Community college, CEGEP",55 years and over,Female,17.08
2008,University certificate below bachelors degree,15-24 years,Male,19.9
2008,University certificate below bachelors degree,15-24 years,Female,19.22
2008,University certificate below bachelors degree,25-54 years,Male,18.62
2008,University certificate below bachelors degree,25-54 years,Female,18.15
2008,University certificate below bachelors degree,55 years and over,Male,19.05
2008,University certificate below bachelors degree,55 years and over,Female,19.53
2008,University degree,15-24 years,Male,22.47
2008,University degree,15-24 years,Female,22.54
2008,University degree,25-54 years,Male,22.5
2008,University degree,25-54 years,Female,22.98
2008,University degree,55 years and over,Male,21.76
2008,University degree,55 years and over,Female,22.94
2008,Bachelor's degree,15-24 years,Male,24.25
2008,Bachelor's degree,15-24 years,Female,26.2
2008,Bachelor's degree,25-54 years,Male,26.07
2008,Bachelor's degree,25-54 years,Female,26.73
2008,Bachelor's degree,55 years and over,Male,25.32
2008,Bachelor's degree,55 years and over,Female,26.77
2008,Above bachelor's degree,15-24 years,Male,28.31
2008,Above bachelor's degree,15-24 years,Female,31.33
2008,Above bachelor's degree,25-54 years,Male,31.45
2008,Above bachelor's degree,25-54 years,Female,31.6
2008,Above bachelor's degree,55 years and over,Male,30.55
2008,Above bachelor's degree,55 years and over,Female,28.12
2009,0 - 8 years,15-24 years,Male,11.38
2009,0 - 8 years,15-24 years,Female,11.03
2009,0 - 8 years,25-54 years,Male,12.6
2009,0 - 8 years,25-54 years,Female,11.2
2009,0 - 8 years,55 years and over,Male,12.87
2009,0 - 8 years,55 years and over,Female,12.1
2009,High school graduate,15-24 years,Male,13.71
2009,High school graduate,15-24 years,Female,13.99
2009,High school graduate,25-54 years,Male,13.05
2009,High school graduate,25-54 years,Female,13.95
2009,High school graduate,55 years and over,Male,13.8
2009,High school graduate,55 years and over,Female,12.07
2009,Post-secondary certificate or diploma,15-24 years,Male,13.2
2009,Post-secondary certificate or diploma,15-24 years,Female,13.73
2009,Post-secondary certificate or diploma,25-54 years,Male,14.25
2009,Post-secondary certificate or diploma,25-54 years,Female,13.4
2009,Post-secondary certificate or diploma,55 years and over,Male,13.95
2009,Post-secondary certificate or diploma,55 years and over,Female,14.61
2009,Trade certificate or diploma,15-24 years,Male,15.3
2009,Trade certificate or diploma,15-24 years,Female,14.09
2009,Trade certificate or diploma,25-54 years,Male,15.49
2009,Trade certificate or diploma,25-54 years,Female,15.05
2009,Trade certificate or diploma,55 years and over,Male,14.05
2009,Trade certificate or diploma,55 years and over,Female,14.5
2009,"Community college, CEGEP",15-24 years,Male,17.12
2009,"Community college, CEGEP",15-24 years,Female,17.26
2009,"Community college, CEGEP",25-54 years,Male,17.05
2009,"Community college, CEGEP",25-54 years,Female,17.15
2009,"Community college, CEGEP",55 years and over,Male,17.93
2009,"Community college, CEGEP",55 years and over,Female,17.79
2009,University certificate below bachelors degree,15-24 years,Male,19.21
2009,University certificate below bachelors degree,15-24 years,Female,19.19
2009,University certificate below bachelors degree,25-54 years,Male,19.26
2009,University certificate below bachelors degree,25-54 years,Female,19.84
2009,University certificate below bachelors degree,55 years and over,Male,19.8
2009,University certificate below bachelors degree,55 years and over,Female,18.23
2009,University degree,15-24 years,Male,22.3
2009,University degree,15-24 years,Female,21.5
2009,University degree,25-54 years,Male,21.36
2009,University degree,25-54 years,Female,23.18
2009,University degree,55 years and over,Male,21.17
2009,University degree,55 years and over,Female,21.35
2009,Bachelor's degree,15-24 years,Male,24.81
2009,Bachelor's degree,15-24 years,Female,26.43
2009,Bachelor's degree,25-54 years,Male,25.93
2009,Bachelor's degree,25-54 years,Female,24.34
2009,Bachelor's degree,55 years and over,Male,24.9
2009,Bachelor's degree,55 years and over,Female,24.45
2009,Above bachelor's degree,15-24 years,Male,28.31
2009,Above bachelor's degree,15-24 years,Female,30.07
2009,Above bachelor's degree,25-54 years,Male,30.11
2009,Above bachelor's degree,25-54 years,Female,28.53
2009,Above bachelor's degree,55 years and over,Male,31.52
2009,Above bachelor's degree,55 years and over,Female,30.2
2010,0 - 8 years,15-24 years,Male,12.92
2010,0 - 8 years,15-24 years,Female,11.14
2010,0 - 8 years,25-54 years,Male,12.04
2010,0 - 8 years,25-54 years,Female,12.13
2010,0 - 8 years,55 years and over,Male,12.61
2010,0 - 8 years,55 years and over,Female,11.16
2010,High school graduate,15-24 years,Male,12.66
2010,High school graduate,15-24 years,Female,12.7
2010,High school graduate,25-54 years,Male,13.05
2010,High school graduate,25-54 years,Female,12.83
2010,High school graduate,55 years and over,Male,12.11
2010,High school graduate,55 years and over,Female,12.02
2010,Post-secondary certificate or diploma,15-24 years,Male,13.21
2010,Post-secondary certificate or diploma,15-24 years,Female,14.43
2010,Post-secondary certificate or diploma,25-54 years,Male,14.69
2010,Post-secondary certificate or diploma,25-54 years,Female,13.48
2010,Post-secondary certificate or diploma,55 years and over,Male,13.56
2010,Post-secondary certificate or diploma,55 years and over,Female,13.5
2010,Trade certificate or diploma,15-24 years,Male,14.03
2010,Trade certificate or diploma,15-24 years,Female,14.35
2010,Trade certificate or diploma,25-54 years,Male,15.54
2010,Trade certificate or diploma,25-54 years,Female,15.72
2010,Trade certificate or diploma,55 years and over,Male,15.92
2010,Trade certificate or diploma,55 years and over,Female,15.8
2010,"Community college, CEGEP",15-24 years,Male,16.91
2010,"Community college, CEGEP",15-24 years,Female,17.22
2010,"Community college, CEGEP",25-54 years,Male,17.36
2010,"Community college, CEGEP",25-54 years,Female,16.74
2010,"Community college, CEGEP",55 years and over,Male,16.85
2010,"Community college, CEGEP",55 years and over,Female,16.81
2010,University certificate below bachelors degree,15-24 years,Male,18.64
2010,University certificate below bachelors degree,15-24 years,Female,18.3
2010,University certificate below bachelors degree,25-54 years,Male,18.88
2010,University certificate below bachelors degree,25-54 years,Female,18.21
2010,University certificate below bachelors degree,55 years and over,Male,18.57
2010,University certificate below bachelors degree,55 years and over,Female,18.87
2010,University degree,15-24 years,Male,22.32
2010,University degree,15-24 years,Female,22.44
2010,University degree,25-54 years,Male,22.69
2010,University degree,25-54 years,Female,23.49
2010,University degree,55 years and over,Male,22.2
2010,University degree,55 years and over,Female,22.46
2010,Bachelor's degree,15-24 years,Male,24.77
2010,Bachelor's degree,15-24 years,Female,24.93
2010,Bachelor's degree,25-54 years,Male,26.39
2010,Bachelor's degree,25-54 years,Female,26.55
2010,Bachelor's degree,55 years and over,Male,25.73
2010,Bachelor's degree,55 years and over,Female,24.76
2010,Above bachelor's degree,15-24 years,Male,29.87
2010,Above bachelor's degree,15-24 years,Female,31.08
2010,Above bachelor's degree,25-54 years,Male,29.98
2010,Above bachelor's degree,25-54 years,Female,28.27
2010,Above bachelor's degree,55 years and over,Male,29.88
2010,Above bachelor's degree,55 years and over,Female,31.28
2011,0 - 8 years,15-24 years,Male,12.45
2011,0 - 8 years,15-24 years,Female,12.94
2011,0 - 8 years,25-54 years,Male,11.58
2011,0 - 8 years,25-54 years,Female,11.38
2011,0 - 8 years,55 years and over,Male,12.46
2011,0 - 8 years,55 years and over,Female,11.11
2011,High school graduate,15-24 years,Male,13.36
2011,High school graduate,15-24 years,Female,13.8
2011,High school graduate,25-54 years,Male,12.43
2011,High school graduate,25-54 years,Female,12.67
2011,High school graduate,55 years and over,Male,13.91
2011,High school graduate,55 years and over,Female,13.48
2011,Post-secondary certificate or diploma,15-24 years,Male,14.17
2011,Post-secondary certificate or diploma,15-24 years,Female,14.15
2011,Post-secondary certificate or diploma,25-54 years,Male,13.29
2011,Post-secondary certificate or diploma,25-54 years,Female,14.14
2011,Post-secondary certificate or diploma,55 years and over,Male,13.14
2011,Post-secondary certificate or diploma,55 years and over,Female,14.77
2011,Trade certificate or diploma,15-24 years,Male,15.85
2011,Trade certificate or diploma,15-24 years,Female,14.78
2011,Trade certificate or diploma,25-54 years,Male,15.89
2011,Trade certificate or diploma,25-54 years,Female,14.62
2011,Trade certificate or diploma,55 years and over,Male,14.39
2011,Trade certificate or diploma,55 years and over,Female,15.68
2011,"Community college, CEGEP",15-24 years,Male,17.76
2011,"Community college, CEGEP",15-24 years,Female,17.24
2011,"Community college, CEGEP",25-54 years,Male,16.99
2011,"Community college, CEGEP",25-54 years,Female,17.54
2011,"Community college, CEGEP",55 years and over,Male,17.68
2011,"Community college, CEGEP",55 years and over,Female,16.77
2011,University certificate below bachelors degree,15-24 years,Male,18.98
2011,University certificate below bachelors degree,15-24 years,Female,19.17
2011,University certificate below bachelors degree,25-54 years,Male,18.84
2011,University certificate below bachelors degree,25-54 years,Female,18.76
2011,University certificate below bachelors degree,55 years and over,Male,19.22
2011,University certificate below bachelors degree,55 years and over,Female,18.77
2011,University degree,15-24 years,Male,23.04
2011,University degree,15-24 years,Female,23.88
2011,University degree,25-54 years,Male,21.01
2011,University degree,25-54 years,Female,23
2011,University degree,55 years and over,Male,23.38
2011,University degree,55 years and over,Female,21.07
2011,Bachelor's degree,15-24 years,Male,26.86
2011,Bachelor's degree,15-24 years,Female,26.16
2011,Bachelor's degree,25-54 years,Male,25.43
2011,Bachelor's degree,25-54 years,Female,25.96
2011,Bachelor's degree,55 years and over,Male,26.95
2011,Bachelor's degree,55 years and over,Female,26.72
2011,Above bachelor's degree,15-24 years,Male,29.87
2011,Above bachelor's degree,15-24 years,Female,28.52
2011,Above bachelor's degree,25-54 years,Male,30.43
2011,Above bachelor's degree,25-54 years,Female,29.88
2011,Above bachelor's degree,55 years and over,Male,29
2011,Above bachelor's degree,55 years and over,Female,29.88
2012,0 - 8 years,15-24 years,Male,11.17
2012,0 - 8 years,15-24 years,Female,12.79
2012,0 - 8 years,25-54 years,Male,11.24
2012,0 - 8 years,25-54 years,Female,12
2012,0 - 8 years,55 years and over,Male,12.9
2012,0 - 8 years,55 years and over,Female,11.1
2012,High school graduate,15-24 years,Male,12.75
2012,High school graduate,15-24 years,Female,13.8
2012,High school graduate,25-54 years,Male,13.54
2012,High school graduate,25-54 years,Female,12.98
2012,High school graduate,55 years and over,Male,12.44
2012,High school graduate,55 years and over,Female,12.81
2012,Post-secondary certificate or diploma,15-24 years,Male,13.13
2012,Post-secondary certificate or diploma,15-24 years,Female,13.36
2012,Post-secondary certificate or diploma,25-54 years,Male,13.31
2012,Post-secondary certificate or diploma,25-54 years,Female,14.52
2012,Post-secondary certificate or diploma,55 years and over,Male,13.88
2012,Post-secondary certificate or diploma,55 years and over,Female,14.2
2012,Trade certificate or diploma,15-24 years,Male,14.56
2012,Trade certificate or diploma,15-24 years,Female,14.69
2012,Trade certificate or diploma,25-54 years,Male,15.02
2012,Trade certificate or diploma,25-54 years,Female,14.44
2012,Trade certificate or diploma,55 years and over,Male,14.15
2012,Trade certificate or diploma,55 years and over,Female,14.67
2012,"Community college, CEGEP",15-24 years,Male,16.97
2012,"Community college, CEGEP",15-24 years,Female,17.39
2012,"Community college, CEGEP",25-54 years,Male,17.26
2012,"Community college, CEGEP",25-54 years,Female,16.82
2012,"Community college, CEGEP",55 years and over,Male,17.54
2012,"Community college, CEGEP",55 years and over,Female,17.38
2012,University certificate below bachelors degree,15-24 years,Male,18.58
2012,University certificate below bachelors degree,15-24 years,Female,18.14
2012,University certificate below bachelors degree,25-54 years,Male,18.71
2012,University certificate below bachelors degree,25-54 years,Female,19.84
2012,University certificate below bachelors degree,55 years and over,Male,19.33
2012,University certificate below bachelors degree,55 years and over,Female,18.3
2012,University degree,15-24 years,Male,22.24
2012,University degree,15-24 years,Female,23.84
2012,University degree,25-54 years,Male,22.45
2012,University degree,25-54 years,Female,23.46
2012,University degree,55 years and over,Male,21.45
2012,University degree,55 years and over,Female,21.54
2012,Bachelor's degree,15-24 years,Male,25.71
2012,Bachelor's degree,15-24 years,Female,25.41
2012,Bachelor's degree,25-54 years,Male,25.83
2012,Bachelor's degree,25-54 years,Female,26.43
2012,Bachelor's degree,55 years and over,Male,24.65
2012,Bachelor's degree,55 years and over,Female,25.3
2012,Above bachelor's degree,15-24 years,Male,28.2
2012,Above bachelor's degree,15-24 years,Female,30.78
2012,Above bachelor's degree,25-54 years,Male,28.34
2012,Above bachelor's degree,25-54 years,Female,29
2012,Above bachelor's degree,55 years and over,Male,31.11
2012,Above bachelor's degree,55 years and over,Female,31.47
2013,0 - 8 years,15-24 years,Male,11.21
2013,0 - 8 years,15-24 years,Female,12.1
2013,0 - 8 years,25-54 years,Male,11.43
2013,0 - 8 years,25-54 years,Female,12.34
2013,0 - 8 years,55 years and over,Male,12.39
2013,0 - 8 years,55 years and over,Female,11.28
2013,High school graduate,15-24 years,Male,12.6
2013,High school graduate,15-24 years,Female,13.91
2013,High school graduate,25-54 years,Male,12.61
2013,High school graduate,25-54 years,Female,13.04
2013,High school graduate,55 years and over,Male,12.27
2013,High school graduate,55 years and over,Female,12.12
2013,Post-secondary certificate or diploma,15-24 years,Male,13.41
2013,Post-secondary certificate or diploma,15-24 years,Female,14.91
2013,Post-secondary certificate or diploma,25-54 years,Male,13.25
2013,Post-secondary certificate or diploma,25-54 years,Female,13.07
2013,Post-secondary certificate or diploma,55 years and over,Male,13.17
2013,Post-secondary certificate or diploma,55 years and over,Female,13.26
2013,Trade certificate or diploma,15-24 years,Male,15.46
2013,Trade certificate or diploma,15-24 years,Female,15.11
2013,Trade certificate or diploma,25-54 years,Male,15.34
2013,Trade certificate or diploma,25-54 years,Female,15.34
2013,Trade certificate or diploma,55 years and over,Male,14.23
2013,Trade certificate or diploma,55 years and over,Female,14.05
2013,"Community college, CEGEP",15-24 years,Male,16.27
2013,"Community college, CEGEP",15-24 years,Female,17.79
2013,"Community college, CEGEP",25-54 years,Male,17.54
2013,"Community college, CEGEP",25-54 years,Female,16.39
2013,"Community college, CEGEP",55 years and over,Male,16.61
2013,"Community college, CEGEP",55 years and over,Female,17.7
2013,University certificate below bachelors degree,15-24 years,Male,19.27
2013,University certificate below bachelors degree,15-24 years,Female,18.14
2013,University certificate below bachelors degree,25-54 years,Male,18.43
2013,University certificate below bachelors degree,25-54 years,Female,19.55
2013,University certificate below bachelors degree,55 years and over,Male,19.32
2013,University certificate below bachelors degree,55 years and over,Female,19.4
2013,University degree,15-24 years,Male,23.05
2013,University degree,15-24 years,Female,22.41
2013,University degree,25-54 years,Male,23.32
2013,University degree,25-54 years,Female,22.75
2013,University degree,55 years and over,Male,22.35
2013,University degree,55 years and over,Female,22.96
2013,Bachelor's degree,15-24 years,Male,24.85
2013,Bachelor's degree,15-24 years,Female,24.3
2013,Bachelor's degree,25-54 years,Male,24.02
2013,Bachelor's degree,25-54 years,Female,26.16
2013,Bachelor's degree,55 years and over,Male,26.29
2013,Bachelor's degree,55 years and over,Female,24.18
2013,Above bachelor's degree,15-24 years,Male,28.87
2013,Above bachelor's degree,15-24 years,Female,31.31
2013,Above bachelor's degree,25-54 years,Male,31.19
2013,Above bachelor's degree,25-54 years,Female,30.79
2013,Above bachelor's degree,55 years and over,Male,31.77
2013,Above bachelor's degree,55 years and over,Female,29.68
2014,0 - 8 years,15-24 years,Male,11.62
2014,0 - 8 years,15-24 years,Female,11.28
2014,0 - 8 years,25-54 years,Male,12.73
2014,0 - 8 years,25-54 years,Female,12.68
2014,0 - 8 years,55 years and over,Male,11.3
2014,0 - 8 years,55 years and over,Female,11.14
2014,High school graduate,15-24 years,Male,13.09
2014,High school graduate,15-24 years,Female,13.88
2014,High school graduate,25-54 years,Male,13.46
2014,High school graduate,25-54 years,Female,12.09
2014,High school graduate,55 years and over,Male,13.22
2014,High school graduate,55 years and over,Female,13.08
2014,Post-secondary certificate or diploma,15-24 years,Male,14.78
2014,Post-secondary certificate or diploma,15-24 years,Female,13.77
2014,Post-secondary certificate or diploma,25-54 years,Male,13.29
2014,Post-secondary certificate or diploma,25-54 years,Female,14.07
2014,Post-secondary certificate or diploma,55 years and over,Male,14.41
2014,Post-secondary certificate or diploma,55 years and over,Female,14.37
2014,Trade certificate or diploma,15-24 years,Male,14.29
2014,Trade certificate or diploma,15-24 years,Female,15.04
2014,Trade certificate or diploma,25-54 years,Male,15.06
2014,Trade certificate or diploma,25-54 years,Female,15.95
2014,Trade certificate or diploma,55 years and over,Male,14.78
2014,Trade certificate or diploma,55 years and over,Female,14.2
2014,"Community college, CEGEP",15-24 years,Male,16.06
2014,"Community college, CEGEP",15-24 years,Female,16.11
2014,"Community college, CEGEP",25-54 years,Male,17.63
2014,"Community college, CEGEP",25-54 years,Female,17.52
2014,"Community college, CEGEP",55 years and over,Male,16.84
2014,"Community college, CEGEP",55 years and over,Female,17.1
2014,University certificate below bachelors degree,15-24 years,Male,18.74
2014,University certificate below bachelors degree,15-24 years,Female,18.08
2014,University certificate below bachelors degree,25-54 years,Male,18.93
2014,University certificate below bachelors degree,25-54 years,Female,18.63
2014,University certificate below bachelors degree,55 years and over,Male,18.34
2014,University certificate below bachelors degree,55 years and over,Female,19.4
2014,University degree,15-24 years,Male,22.21
2014,University degree,15-24 years,Female,21.08
2014,University degree,25-54 years,Male,22.41
2014,University degree,25-54 years,Female,22.58
2014,University degree,55 years and over,Male,23
2014,University degree,55 years and over,Female,21.67
2014,Bachelor's degree,15-24 years,Male,26.61
2014,Bachelor's degree,15-24 years,Female,25.09
2014,Bachelor's degree,25-54 years,Male,25.91
2014,Bachelor's degree,25-54 years,Female,26.63
2014,Bachelor's degree,55 years and over,Male,26.63
2014,Bachelor's degree,55 years and over,Female,25.18
2014,Above bachelor's degree,15-24 years,Male,29.84
2014,Above bachelor's degree,15-24 years,Female,31.33
2014,Above bachelor's degree,25-54 years,Male,31.72
2014,Above bachelor's degree,25-54 years,Female,29.12
2014,Above bachelor's degree,55 years and over,Male,28.43
2014,Above bachelor's degree,55 years and over,Female,28.52
2015,0 - 8 years,15-24 years,Male,11.07
2015,0 - 8 years,15-24 years,Female,12.37
2015,0 - 8 years,25-54 years,Male,11.76
2015,0 - 8 years,25-54 years,Female,12.73
2015,0 - 8 years,55 years and over,Male,11.91
2015,0 - 8 years,55 years and over,Female,11.76
2015,High school graduate,15-24 years,Male,13.16
2015,High school graduate,15-24 years,Female,13.18
2015,High school graduate,25-54 years,Male,13.97
2015,High school graduate,25-54 years,Female,12.66
2015,High school graduate,55 years and over,Male,12.53
2015,High school graduate,55 years and over,Female,13.52
2015,Post-secondary certificate or diploma,15-24 years,Male,14.9
2015,Post-secondary certificate or diploma,15-24 years,Female,14.79
2015,Post-secondary certificate or diploma,25-54 years,Male,13.01
2015,Post-secondary certificate or diploma,25-54 years,Female,14.32
2015,Post-secondary certificate or diploma,55 years and over,Male,13.91
2015,Post-secondary certificate or diploma,55 years and over,Female,14.59
2015,Trade certificate or diploma,15-24 years,Male,14.94
2015,Trade certificate or diploma,15-24 years,Female,15.55
2015,Trade certificate or diploma,25-54 years,Male,14.63
2015,Trade certificate or diploma,25-54 years,Female,15.07
2015,Trade certificate or diploma,55 years and over,Male,15.62
2015,Trade certificate or diploma,55 years and over,Female,15.03
2015,"Community college, CEGEP",15-24 years,Male,17.26
2015,"Community college, CEGEP",15-24 years,Female,16.75
2015,"Community college, CEGEP",25-54 years,Male,16.94
2015,"Community college, CEGEP",25-54 years,Female,17.25
2015,"Community college, CEGEP",55 years and over,Male,17.94
2015,"Community college, CEGEP",55 years and over,Female,16.93
2015,University certificate below bachelors degree,15-24 years,Male,18.1
2015,University certificate below bachelors degree,15-24 years,Female,19.46
2015,University certificate below bachelors degree,25-54 years,Male,19.63
2015,University certificate below bachelors degree,25-54 years,Female,19.29
2015,University certificate below bachelors degree,55 years and over,Male,18.21
2015,University certificate below bachelors degree,55 years and over,Female,18.57
2015,University degree,15-24 years,Male,21.05
2015,University degree,15-24 years,Female,23.17
2015,University degree,25-54 years,Male,23.78
2015,University degree,25-54 years,Female,23.38
2015,University degree,55 years and over,Male,21.78
2015,University degree,55 years and over,Female,22.63
2015,Bachelor's degree,15-24 years,Male,25.86
2015,Bachelor's degree,15-24 years,Female,25.5
2015,Bachelor's degree,25-54 years,Male,24.56
2015,Bachelor's degree,25-54 years,Female,26.22
2015,Bachelor's degree,55 years and over,Male,25.39
2015,Bachelor's degree,55 years and over,Female,26.85
2015,Above bachelor's degree,15-24 years,Male,29.37
2015,Above bachelor's degree,15-24 years,Female,29.51
2015,Above bachelor's degree,25-54 years,Male,31.06
2015,Above bachelor's degree,25-54 years,Female,31.18
2015,Above bachelor's degree,55 years and over,Male,31.26
2015,Above bachelor's degree,55 years and over,Female,29.58
2016,0 - 8 years,15-24 years,Male,11.58
2016,0 - 8 years,15-24 years,Female,11.68
2016,0 - 8 years,25-54 years,Male,12.53
2016,0 - 8 years,25-54 years,Female,12.53
2016,0 - 8 years,55 years and over,Male,12.83
2016,0 - 8 years,55 years and over,Female,12.96
2016,High school graduate,15-24 years,Male,13.6
2016,High school graduate,15-24 years,Female,13.7
2016,High school graduate,25-54 years,Male,13.17
2016,High school graduate,25-54 years,Female,13.12
2016,High school graduate,55 years and over,Male,12.5
2016,High school graduate,55 years and over,Female,13.6
2016,Post-secondary certificate or diploma,15-24 years,Male,13.37
2016,Post-secondary certificate or diploma,15-24 years,Female,14.65
2016,Post-secondary certificate or diploma,25-54 years,Male,14.37
2016,Post-secondary certificate or diploma,25-54 years,Female,13.73
2016,Post-secondary certificate or diploma,55 years and over,Male,14.01
2016,Post-secondary certificate or diploma,55 years and over,Female,14.65
2016,Trade certificate or diploma,15-24 years,Male,15.79
2016,Trade certificate or diploma,15-24 years,Female,14.11
2016,Trade certificate or diploma,25-54 years,Male,14.26
2016,Trade certificate or diploma,25-54 years,Female,15.99
2016,Trade certificate or diploma,55 years and over,Male,15.82
2016,Trade certificate or diploma,55 years and over,Female,14.99
2016,"Community college, CEGEP",15-24 years,Male,16.4
2016,"Community college, CEGEP",15-24 years,Female,18
2016,"Community college, CEGEP",25-54 years,Male,16.64
2016,"Community college, CEGEP",25-54 years,Female,17.97
2016,"Community college, CEGEP",55 years and over,Male,16.67
2016,"Community college, CEGEP",55 years and over,Female,16.33
2016,University certificate below bachelors degree,15-24 years,Male,19.44
2016,University certificate below bachelors degree,15-24 years,Female,19.63
2016,University certificate below bachelors degree,25-54 years,Male,18.65
2016,University certificate below bachelors degree,25-54 years,Female,19.95
2016,University certificate below bachelors degree,55 years and over,Male,19.39
2016,University certificate below bachelors degree,55 years and over,Female,18.64
2016,University degree,15-24 years,Male,22.63
2016,University degree,15-24 years,Female,22.05
2016,University degree,25-54 years,Male,22.1
2016,University degree,25-54 years,Female,23.12
2016,University degree,55 years and over,Male,21.52
2016,University degree,55 years and over,Female,21.1
2016,Bachelor's degree,15-24 years,Male,25.42
2016,Bachelor's degree,15-24 years,Female,26.69
2016,Bachelor's degree,25-54 years,Male,24.68
2016,Bachelor's degree,25-54 years,Female,25.71
2016,Bachelor's degree,55 years and over,Male,25.48
2016,Bachelor's degree,55 years and over,Female,26.34
2016,Above bachelor's degree,15-24 years,Male,31.15
2016,Above bachelor's degree,15-24 years,Female,29.28
2016,Above bachelor's degree,25-54 years,Male,30.55
2016,Above bachelor's degree,25-54 years,Female,30.26
2016,Above bachelor's degree,55 years and over,Male,31.97
2016,Above bachelor's degree,55 years and over,Female,29
2017,0 - 8 years,15-24 years,Male,11.84
2017,0 - 8 years,15-24 years,Female,11.05
2017,0 - 8 years,25-54 years,Male,11.65
2017,0 - 8 years,25-54 years,Female,12.45
2017,0 - 8 years,55 years and over,Male,11.61
2017,0 - 8 years,55 years and over,Female,12.26
2017,High school graduate,15-24 years,Male,12.57
2017,High school graduate,15-24 years,Female,12.04
2017,High school graduate,25-54 years,Male,13.15
2017,High school graduate,25-54 years,Female,12.83
2017,High school graduate,55 years and over,Male,12.77
2017,High school graduate,55 years and over,Female,13.52
2017,Post-secondary certificate or diploma,15-24 years,Male,14.47
2017,Post-secondary certificate or diploma,15-24 years,Female,14.07
2017,Post-secondary certificate or diploma,25-54 years,Male,14.29
2017,Post-secondary certificate or diploma,25-54 years,Female,14.83
2017,Post-secondary certificate or diploma,55 years and over,Male,13.82
2017,Post-secondary certificate or diploma,55 years and over,Female,13.54
2017,Trade certificate or diploma,15-24 years,Male,14.2
2017,Trade certificate or diploma,15-24 years,Female,14.23
2017,Trade certificate or diploma,25-54 years,Male,14.31
2017,Trade certificate or diploma,25-54 years,Female,14.74
2017,Trade certificate or diploma,55 years and over,Male,14.75
2017,Trade certificate or diploma,55 years and over,Female,14.86
2017,"Community college, CEGEP",15-24 years,Male,17.63
2017,"Community college, CEGEP",15-24 years,Female,17.59
2017,"Community college, CEGEP",25-54 years,Male,16.48
2017,"Community college, CEGEP",25-54 years,Female,17.06
2017,"Community college, CEGEP",55 years and over,Male,17.66
2017,"Community college, CEGEP",55 years and over,Female,17.43
2017,University certificate below bachelors degree,15-24 years,Male,18.21
2017,University certificate below bachelors degree,15-24 years,Female,19.24
2017,University certificate below bachelors degree,25-54 years,Male,18.22
2017,University certificate below bachelors degree,25-54 years,Female,19.08
2017,University certificate below bachelors degree,55 years and over,Male,19.58
2017,University certificate below bachelors degree,55 years and over,Female,18.63
2017,University degree,15-24 years,Male,23.27
2017,University degree,15-24 years,Female,22.4
2017,University degree,25-54 years,Male,22.92
2017,University degree,25-54 years,Female,22.47
2017,University degree,55 years and over,Male,23.6
2017,University degree,55 years and over,Female,22.37
2017,Bachelor's degree,15-24 years,Male,25.01
2017,Bachelor's degree,15-24 years,Female,25.33
2017,Bachelor's degree,25-54 years,Male,24.75
2017,Bachelor's degree,25-54 years,Female,24.39
2017,Bachelor's degree,55 years and over,Male,25.8
2017,Bachelor's degree,55 years and over,Female,25.36
2017,Above bachelor's degree,15-24 years,Male,31.7
2017,Above bachelor's degree,15-24 years,Female,30.74
2017,Above bachelor's degree,25-54 years,Male,28.96
2017,Above bachelor's degree,25-54 years,Female,28.23
2017,Above bachelor's degree,55 years and over,Male,30.69
2017,Above bachelor's degree,55 years and over,Female,29.33
2018,0 - 8 years,15-24 years,Male,11.41
2018,0 - 8 years,15-24 years,Female,12.68
2018,0 - 8 years,25-54 years,Male,12.55
2018,0 - 8 years,25-54 years,Female,11.61
2018,0 - 8 years,55 years and over,Male,12.37
2018,0 - 8 years,55 years and over,Female,12.76
2018,High school graduate,15-24 years,Male,13.27
2018,High school graduate,15-24 years,Female,13.12
2018,High school graduate,25-54 years,Male,12.24
2018,High school graduate,25-54 years,Female,13.2
2018,High school graduate,55 years and over,Male,13.69
2018,High school graduate,55 years and over,Female,13.48
2018,Post-secondary certificate or diploma,15-24 years,Male,14.28
2018,Post-secondary certificate or diploma,15-24 years,Female,14.27
2018,Post-secondary certificate or diploma,25-54 years,Male,14.54
2018,Post-secondary certificate or diploma,25-54 years,Female,13.35
2018,Post-secondary certificate or diploma,55 years and over,Male,14.13
2018,Post-secondary certificate or diploma,55 years and over,Female,13.71
2018,Trade certificate or diploma,15-24 years,Male,14.93
2018,Trade certificate or diploma,15-24 years,Female,15.52
2018,Trade certificate or diploma,25-54 years,Male,15.2
2018,Trade certificate or diploma,25-54 years,Female,15.93
2018,Trade certificate or diploma,55 years and over,Male,15.18
2018,Trade certificate or diploma,55 years and over,Female,15.23
2018,"Community college, CEGEP",15-24 years,Male,17.82
2018,"Community college, CEGEP",15-24 years,Female,17.33
2018,"Community college, CEGEP",25-54 years,Male,17.07
2018,"Community college, CEGEP",25-54 years,Female,17.69
2018,"Community college, CEGEP",55 years and over,Male,17.2
2018,"Community college, CEGEP",55 years and over,Female,17.48
2018,University certificate below bachelors degree,15-24 years,Male,18.88
2018,University certificate below bachelors degree,15-24 years,Female,19.12
2018,University certificate below bachelors degree,25-54 years,Male,19.82
2018,University certificate below bachelors degree,25-54 years,Female,18.46
2018,University certificate below bachelors degree,55 years and over,Male,18.62
2018,University certificate below bachelors degree,55 years and over,Female,19.42
2018,University degree,15-24 years,Male,22.68
2018,University degree,15-24 years,Female,21.29
2018,University degree,25-54 years,Male,23.26
2018,University degree,25-54 years,Female,21.15
2018,University degree,55 years and over,Male,21.55
2018,University degree,55 years and over,Female,21.71
2018,Bachelor's degree,15-24 years,Male,26.2
2018,Bachelor's degree,15-24 years,Female,25.02
2018,Bachelor's degree,25-54 years,Male,24.09
2018,Bachelor's degree,25-54 years,Female,24.41
2018,Bachelor's degree,55 years and over,Male,25.15
2018,Bachelor's degree,55 years and over,Female,26.47
2018,Above bachelor's degree,15-24 years,Male,31.07
2018,Above bachelor's degree,15-24 years,Female,28.73
2018,Above bachelor's degree,25-54 years,Male,29.57
2018,Above bachelor's degree,25-54 years,Female,28.99
2018,Above bachelor's degree,55 years and over,Male,31.88
2018,Above bachelor's degree,55 years and over,Female,28.71
2019,0 - 8 years,15-24 years,Male,11.29
2019,0 - 8 years,15-24 years,Female,11.06
2019,0 - 8 years,25-54 years,Male,12.11
2019,0 - 8 years,25-54 years,Female,11.87
2019,0 - 8 years,55 years and over,Male,12.42
2019,0 - 8 years,55 years and over,Female,11.24
2019,High school graduate,15-24 years,Male,13.19
2019,High school graduate,15-24 years,Female,12.01
2019,High school graduate,25-54 years,Male,12.35
2019,High school graduate,25-54 years,Female,13.1
2019,High school graduate,55 years and over,Male,12.8
2019,High school graduate,55 years and over,Female,13.16
2019,Post-secondary certificate or diploma,15-24 years,Male,13.42
2019,Post-secondary certificate or diploma,15-24 years,Female,13.24
2019,Post-secondary certificate or diploma,25-54 years,Male,13.28
2019,Post-secondary certificate or diploma,25-54 years,Female,13.57
2019,Post-secondary certificate or diploma,55 years and over,Male,13.91
2019,Post-secondary certificate or diploma,55 years and over,Female,14.81
2019,Trade certificate or diploma,15-24 years,Male,14.51
2019,Trade certificate or diploma,15-24 years,Female,14.92
2019,Trade certificate or diploma,25-54 years,Male,15.63
2019,Trade certificate or diploma,25-54 years,Female,14.92
2019,Trade certificate or diploma,55 years and over,Male,14.9
2019,Trade certificate or diploma,55 years and over,Female,14.11
2019,"Community college, CEGEP",15-24 years,Male,16.77
2019,"Community college, CEGEP",15-24 years,Female,17.54
2019,"Community college, CEGEP",25-54 years,Male,17.6
2019,"Community college, CEGEP",25-54 years,Female,16.13
2019,"Community college, CEGEP",55 years and over,Male,17.24
2019,"Community college, CEGEP",55 years and over,Female,17.05
2019,University certificate below bachelors degree,15-24 years,Male,19.69
2019,University certificate below bachelors degree,15-24 years,Female,19.83
2019,University certificate below bachelors degree,25-54 years,Male,18.39
2019,University certificate below bachelors degree,25-54 years,Female,19.54
2019,University certificate below bachelors degree,55 years and over,Male,18.89
2019,University certificate below bachelors degree,55 years and over,Female,19.17
2019,University degree,15-24 years,Male,21.78
2019,University degree,15-24 years,Female,23.73
2019,University degree,25-54 years,Male,21.93
2019,University degree,25-54 years,Female,22.18
2019,University degree,55 years and over,Male,22.92
2019,University degree,55 years and over,Female,22.43
2019,Bachelor's degree,15-24 years,Male,25.5
2019,Bachelor's degree,15-24 years,Female,24.05
2019,Bachelor's degree,25-54 years,Male,26.58
2019,Bachelor's degree,25-54 years,Female,24.1
2019,Bachelor's degree,55 years and over,Male,25.14
2019,Bachelor's degree,55 years and over,Female,24.73
2019,Above bachelor's degree,15-24 years,Male,31.93
2019,Above bachelor's degree,15-24 years,Female,30.97
2019,Above bachelor's degree,25-54 years,Male,29.91
2019,Above bachelor's degree,25-54 years,Female,28.47
2019,Above bachelor's degree,55 years and over,Male,28.53
2019,Above bachelor's degree,55 years and over,Female,30.43
